DATE, VALUE
1913-01-01,100
1913-02-01,100.354
1913-03-01,100.354
1913-04-01,100
1913-05-01,100.707
1913-06-01,100.354
1913-07-01,99.3319
1913-08-01,98.6834
1913-09-01,98.3297
1913-10-01,97.6813
1913-11-01,97.357
1913-12-01,97.6813
1914-01-01,97.6813
1914-02-01,98.6834
1914-03-01,99.0077
1914-04-01,100
1914-05-01,99.3319
1914-06-01,98.6834
1914-07-01,97.6813
1914-08-01,96.4138
1914-09-01,96.0896
1914-10-01,96.7086
1914-11-01,96.4138
1914-12-01,96.7086
1915-01-01,97.0328
1915-02-01,97.6813
1915-03-01,98.6834
1915-04-01,97.6813
1915-05-01,97.357
1915-06-01,97.0328
1915-07-01,97.0328
1915-08-01,97.0328
1915-09-01,96.7086
1915-10-01,95.7654
1915-11-01,95.1562
1915-12-01,94.8615
1916-01-01,93.9477
1916-02-01,93.9477
1916-03-01,93.0635
1916-04-01,92.1792
1916-05-01,91.8845
1916-06-01,90.7447
1916-07-01,90.7447
1916-08-01,89.6542
1916-09-01,88.033
1916-10-01,87.0112
1916-11-01,85.4785
1916-12-01,84.9774
1917-01-01,84.0047
1917-02-01,82.1281
1917-03-01,81.686
1917-04-01,78.2177
1917-05-01,76.5671
1917-06-01,75.7713
1917-07-01,76.5671
1917-08-01,75.3881
1917-09-01,74.0715
1917-10-01,72.7746
1917-11-01,72.5978
1917-12-01,71.7135
1918-01-01,70.338
1918-02-01,69.6895
1918-03-01,70.0138
1918-04-01,69.1884
1918-05-01,67.8915
1918-06-01,66.6929
1918-07-01,65.0422
1918-08-01,63.9222
1918-09-01,62.4288
1918-10-01,61.3971
1918-11-01,60.3655
1918-12-01,59.5107
1919-01-01,59.3928
1919-02-01,60.7487
1919-03-01,60.0118
1919-04-01,58.931
1919-05-01,58.1057
1919-06-01,57.9878
1919-07-01,56.4256
1919-08-01,55.4824
1919-09-01,55.1582
1919-10-01,54.2543
1919-11-01,52.9868
1919-12-01,51.8668
1920-01-01,50.8646
1920-02-01,50.2555
1920-03-01,49.7544
1920-04-01,48.369
1920-05-01,47.5732
1920-06-01,46.8953
1920-07-01,47.19
1920-08-01,48.428
1920-09-01,49.0175
1920-10-01,49.2533
1920-11-01,49.5775
1920-12-01,50.6976
1921-01-01,51.572
1921-02-01,53.2816
1921-03-01,53.6648
1921-04-01,54.3427
1921-05-01,55.3645
1921-06-01,55.6887
1921-07-01,55.5708
1921-08-01,55.3645
1921-09-01,56.013
1921-10-01,56.1014
1921-11-01,56.4256
1921-12-01,56.7793
1922-01-01,57.9878
1922-02-01,58.1057
1922-03-01,58.8131
1922-04-01,58.8131
1922-05-01,58.8131
1922-06-01,58.6952
1922-07-01,58.5773
1922-08-01,59.157
1922-09-01,59.0391
1922-10-01,58.6952
1922-11-01,58.4594
1922-12-01,58.2236
1923-01-01,58.4594
1923-02-01,58.5773
1923-03-01,58.3415
1923-04-01,58.1057
1923-05-01,57.9878
1923-06-01,57.6636
1923-07-01,57.1036
1923-08-01,57.3099
1923-09-01,56.9857
1923-10-01,56.8678
1923-11-01,56.7793
1923-12-01,56.7793
1924-01-01,56.8678
1924-02-01,57.1036
1924-03-01,57.4278
1924-04-01,57.6636
1924-05-01,57.6636
1924-06-01,57.6636
1924-07-01,57.5457
1924-08-01,57.6636
1924-09-01,57.4278
1924-10-01,57.2215
1924-11-01,56.9857
1924-12-01,56.8678
1925-01-01,56.7793
1925-02-01,56.9857
1925-03-01,56.8678
1925-04-01,56.9857
1925-05-01,56.7793
1925-06-01,56.1014
1925-07-01,55.3645
1925-08-01,55.3645
1925-09-01,55.5708
1925-10-01,55.3645
1925-11-01,54.4606
1925-12-01,54.7554
1926-01-01,54.7554
1926-02-01,54.9519
1926-03-01,55.2761
1926-04-01,54.7554
1926-05-01,55.0698
1926-06-01,55.4824
1926-07-01,56.013
1926-08-01,56.3372
1926-09-01,56.013
1926-10-01,55.8066
1926-11-01,55.5708
1926-12-01,55.5708
1927-01-01,56.013
1927-02-01,56.4256
1927-03-01,56.7793
1927-04-01,56.7793
1927-05-01,56.3372
1927-06-01,55.8066
1927-07-01,56.8678
1927-08-01,57.2215
1927-09-01,56.8678
1927-10-01,56.5435
1927-11-01,56.6614
1927-12-01,56.7793
1928-01-01,56.8678
1928-02-01,57.4278
1928-03-01,57.4278
1928-04-01,57.3099
1928-05-01,56.9857
1928-06-01,57.4278
1928-07-01,57.4278
1928-08-01,57.3099
1928-09-01,56.8678
1928-10-01,56.9857
1928-11-01,57.1036
1928-12-01,57.3099
1929-01-01,57.4278
1929-02-01,57.5457
1929-03-01,57.7815
1929-04-01,57.9878
1929-05-01,57.6636
1929-06-01,57.4278
1929-07-01,56.8678
1929-08-01,56.6614
1929-09-01,56.7793
1929-10-01,56.7793
1929-11-01,56.8678
1929-12-01,57.2215
1930-01-01,57.4278
1930-02-01,57.6636
1930-03-01,57.9878
1930-04-01,57.6636
1930-05-01,57.9878
1930-06-01,58.3415
1930-07-01,59.157
1930-08-01,59.5107
1930-09-01,59.157
1930-10-01,59.5107
1930-11-01,60.0118
1930-12-01,60.8666
1931-01-01,61.7803
1931-02-01,62.694
1931-03-01,63.0969
1931-04-01,63.5095
1931-05-01,64.1875
1931-06-01,64.9243
1931-07-01,65.0422
1931-08-01,65.1896
1931-09-01,65.4844
1931-10-01,65.9265
1931-11-01,66.6929
1931-12-01,67.2725
1932-01-01,68.6874
1932-02-01,69.6895
1932-03-01,70.0138
1932-04-01,70.5148
1932-05-01,71.5366
1932-06-01,72.0672
1932-07-01,72.0672
1932-08-01,72.9515
1932-09-01,73.3346
1932-10-01,73.8947
1932-11-01,74.2484
1932-12-01,75.0147
1933-01-01,76.1839
1933-02-01,77.3924
1933-03-01,78.0114
1933-04-01,78.2177
1933-05-01,78.0114
1933-06-01,77.1861
1933-07-01,75.0147
1933-08-01,74.2484
1933-09-01,74.2484
1933-10-01,74.2484
1933-11-01,74.2484
1933-12-01,74.6316
1934-01-01,74.2484
1934-02-01,73.6883
1934-03-01,73.6883
1934-04-01,73.8947
1934-05-01,73.6883
1934-06-01,73.5115
1934-07-01,73.5115
1934-08-01,73.3346
1934-09-01,72.2441
1934-10-01,72.7746
1934-11-01,72.9515
1934-12-01,73.1578
1935-01-01,72.0672
1935-02-01,71.5366
1935-03-01,71.7135
1935-04-01,71.0159
1935-05-01,71.3598
1935-06-01,71.5366
1935-07-01,71.8904
1935-08-01,71.8904
1935-09-01,71.5366
1935-10-01,71.5366
1935-11-01,71.1829
1935-12-01,71.0159
1936-01-01,71.0159
1936-02-01,71.3598
1936-03-01,71.7135
1936-04-01,71.7135
1936-05-01,71.7135
1936-06-01,71.0159
1936-07-01,70.6917
1936-08-01,70.1906
1936-09-01,70.0138
1936-10-01,70.1906
1936-11-01,70.1906
1936-12-01,70.1906
1937-01-01,69.6895
1937-02-01,69.5127
1937-03-01,69.0116
1937-04-01,68.6874
1937-05-01,68.3926
1937-06-01,68.2158
1937-07-01,67.8915
1937-08-01,67.7442
1937-09-01,67.1252
1937-10-01,67.4494
1937-11-01,67.8915
1937-12-01,68.0684
1938-01-01,69.0116
1938-02-01,69.6895
1938-03-01,69.6895
1938-04-01,69.3358
1938-05-01,69.6895
1938-06-01,69.6895
1938-07-01,69.5127
1938-08-01,69.6895
1938-09-01,69.6895
1938-10-01,70.0138
1938-11-01,70.1906
1938-12-01,70.0138
1939-01-01,70.338
1939-02-01,70.6917
1939-03-01,70.8685
1939-04-01,71.0159
1939-05-01,71.0159
1939-06-01,71.0159
1939-07-01,71.0159
1939-08-01,71.0159
1939-09-01,69.6895
1939-10-01,70.0138
1939-11-01,70.0138
1939-12-01,70.338
1940-01-01,70.5148
1940-02-01,70.0138
1940-03-01,70.1906
1940-04-01,70.1906
1940-05-01,70.0138
1940-06-01,69.8369
1940-07-01,70.0138
1940-08-01,70.1906
1940-09-01,70.0138
1940-10-01,70.0138
1940-11-01,70.0138
1940-12-01,69.6895
1941-01-01,69.6895
1941-02-01,69.6895
1941-03-01,69.3358
1941-04-01,68.6874
1941-05-01,68.2158
1941-06-01,66.9876
1941-07-01,66.6929
1941-08-01,66.0739
1941-09-01,64.9243
1941-10-01,64.1875
1941-11-01,63.6569
1941-12-01,63.5095
1942-01-01,62.694
1942-02-01,62.1635
1942-03-01,61.3971
1942-04-01,61.014
1942-05-01,60.3655
1942-06-01,60.2476
1942-07-01,60.0118
1942-08-01,59.6286
1942-09-01,59.5107
1942-10-01,58.931
1942-11-01,58.5773
1942-12-01,58.1057
1943-01-01,58.1057
1943-02-01,57.9878
1943-03-01,57.1036
1943-04-01,56.4256
1943-05-01,56.013
1943-06-01,56.1014
1943-07-01,56.5435
1943-08-01,56.7793
1943-09-01,56.5435
1943-10-01,56.3372
1943-11-01,56.4256
1943-12-01,56.3372
1944-01-01,56.4256
1944-02-01,56.5435
1944-03-01,56.5435
1944-04-01,56.2193
1944-05-01,56.013
1944-06-01,55.8951
1944-07-01,55.5708
1944-08-01,55.3645
1944-09-01,55.3645
1944-10-01,55.3645
1944-11-01,55.3645
1944-12-01,55.1582
1945-01-01,55.1582
1945-02-01,55.2761
1945-03-01,55.2761
1945-04-01,55.1582
1945-05-01,54.7554
1945-06-01,54.2543
1945-07-01,54.1658
1945-08-01,54.1658
1945-09-01,54.3427
1945-10-01,54.3427
1945-11-01,54.1658
1945-12-01,53.9595
1946-01-01,53.9595
1946-02-01,54.1658
1946-03-01,53.7532
1946-04-01,53.4584
1946-05-01,53.1637
1946-06-01,52.6037
1946-07-01,49.6659
1946-08-01,48.6048
1946-09-01,48.0448
1946-10-01,47.1311
1946-11-01,46.0208
1946-12-01,45.6671
1947-01-01,45.6671
1947-02-01,45.7261
1947-03-01,44.7534
1947-04-01,44.7534
1947-05-01,44.9008
1947-06-01,44.5471
1947-07-01,44.1639
1947-08-01,43.6923
1947-09-01,42.6705
1947-10-01,42.6705
1947-11-01,42.4347
1947-12-01,41.9041
1948-01-01,41.403
1948-02-01,41.7567
1948-03-01,41.9041
1948-04-01,41.2851
1948-05-01,41.0198
1948-06-01,40.7251
1948-07-01,40.224
1948-08-01,40.0472
1948-09-01,40.0472
1948-10-01,40.224
1948-11-01,40.4893
1948-12-01,40.784
1949-01-01,40.843
1949-02-01,41.2851
1949-03-01,41.1967
1949-04-01,41.1377
1949-05-01,41.1967
1949-06-01,41.1377
1949-07-01,41.403
1949-08-01,41.2851
1949-09-01,41.1377
1949-10-01,41.3441
1949-11-01,41.2851
1949-12-01,41.5209
1950-01-01,41.6978
1950-02-01,41.8157
1950-03-01,41.6388
1950-04-01,41.5799
1950-05-01,41.403
1950-06-01,41.1967
1950-07-01,40.784
1950-08-01,40.4598
1950-09-01,40.1651
1950-10-01,39.9587
1950-11-01,39.7819
1950-12-01,39.2513
1951-01-01,38.6323
1951-02-01,38.2
1951-03-01,38.0527
1951-04-01,37.9937
1951-05-01,37.8463
1951-06-01,37.9053
1951-07-01,37.8463
1951-08-01,37.8463
1951-09-01,37.6105
1951-10-01,37.4042
1951-11-01,37.2274
1951-12-01,37.08
1952-01-01,37.08
1952-02-01,37.3158
1952-03-01,37.3158
1952-04-01,37.1684
1952-05-01,37.1389
1952-06-01,37.021
1952-07-01,36.7557
1952-08-01,36.6968
1952-09-01,36.7557
1952-10-01,36.6968
1952-11-01,36.6968
1952-12-01,36.7557
1953-01-01,36.8442
1953-02-01,37.021
1953-03-01,36.9326
1953-04-01,36.9031
1953-05-01,36.8147
1953-06-01,36.6673
1953-07-01,36.5789
1953-08-01,36.4905
1953-09-01,36.4315
1953-10-01,36.3431
1953-11-01,36.4905
1953-12-01,36.5199
1954-01-01,36.4315
1954-02-01,36.4905
1954-03-01,36.5199
1954-04-01,36.6084
1954-05-01,36.4905
1954-06-01,36.4315
1954-07-01,36.4315
1954-08-01,36.4905
1954-09-01,36.5789
1954-10-01,36.6673
1954-11-01,36.6084
1954-12-01,36.6968
1955-01-01,36.6968
1955-02-01,36.6968
1955-03-01,36.6968
1955-04-01,36.6968
1955-05-01,36.6968
1955-06-01,36.6968
1955-07-01,36.5789
1955-08-01,36.6673
1955-09-01,36.5199
1955-10-01,36.5199
1955-11-01,36.4905
1955-12-01,36.5789
1956-01-01,36.6084
1956-02-01,36.6084
1956-03-01,36.5789
1956-04-01,36.5199
1956-05-01,36.3431
1956-06-01,36.1368
1956-07-01,35.8715
1956-08-01,35.901
1956-09-01,35.8715
1956-10-01,35.6357
1956-11-01,35.6357
1956-12-01,35.5473
1957-01-01,35.5178
1957-02-01,35.3704
1957-03-01,35.282
1957-04-01,35.1641
1957-05-01,35.0757
1957-06-01,34.8693
1957-07-01,34.7219
1957-08-01,34.663
1957-09-01,34.6335
1957-10-01,34.6335
1957-11-01,34.5254
1957-12-01,34.5254
1958-01-01,34.3191
1958-02-01,34.2896
1958-03-01,34.0244
1958-04-01,33.9654
1958-05-01,33.9654
1958-06-01,33.9065
1958-07-01,33.877
1958-08-01,33.9065
1958-09-01,33.9065
1958-10-01,33.9065
1958-11-01,33.877
1958-12-01,33.9065
1959-01-01,33.877
1959-02-01,33.9065
1959-03-01,33.9065
1959-04-01,33.877
1959-05-01,33.8475
1959-06-01,33.6707
1959-07-01,33.6117
1959-08-01,33.6412
1959-09-01,33.5233
1959-10-01,33.4054
1959-11-01,33.4054
1959-12-01,33.4054
1960-01-01,33.4643
1960-02-01,33.4054
1960-03-01,33.4054
1960-04-01,33.2285
1960-05-01,33.2285
1960-06-01,33.1401
1960-07-01,33.1401
1960-08-01,33.1401
1960-09-01,33.1106
1960-10-01,32.9633
1960-11-01,32.9338
1960-12-01,32.9338
1961-01-01,32.9338
1961-02-01,32.9338
1961-03-01,32.9338
1961-04-01,32.9338
1961-05-01,32.9338
1961-06-01,32.9043
1961-07-01,32.7569
1961-08-01,32.7864
1961-09-01,32.698
1961-10-01,32.698
1961-11-01,32.698
1961-12-01,32.698
1962-01-01,32.698
1962-02-01,32.639
1962-03-01,32.5506
1962-04-01,32.4916
1962-05-01,32.4916
1962-06-01,32.4916
1962-07-01,32.4327
1962-08-01,32.4327
1962-09-01,32.2264
1962-10-01,32.2853
1962-11-01,32.2853
1962-12-01,32.3148
1963-01-01,32.2853
1963-02-01,32.2264
1963-03-01,32.1969
1963-04-01,32.1969
1963-05-01,32.1969
1963-06-01,32.079
1963-07-01,31.9316
1963-08-01,31.9316
1963-09-01,31.9316
1963-10-01,31.9021
1963-11-01,31.8432
1963-12-01,31.7842
1964-01-01,31.7548
1964-02-01,31.7842
1964-03-01,31.7548
1964-04-01,31.7253
1964-05-01,31.7253
1964-06-01,31.6369
1964-07-01,31.5779
1964-08-01,31.6074
1964-09-01,31.5484
1964-10-01,31.519
1964-11-01,31.46
1964-12-01,31.4011
1965-01-01,31.4011
1965-02-01,31.4011
1965-03-01,31.3716
1965-04-01,31.2832
1965-05-01,31.2242
1965-06-01,31.0474
1965-07-01,31.0179
1965-08-01,31.0768
1965-09-01,31.0179
1965-10-01,30.9884
1965-11-01,30.9295
1965-12-01,30.8116
1966-01-01,30.8116
1966-02-01,30.6347
1966-03-01,30.5168
1966-04-01,30.4087
1966-05-01,30.3792
1966-06-01,30.2908
1966-07-01,30.2024
1966-08-01,30.0255
1966-09-01,29.9666
1966-10-01,29.8487
1966-11-01,29.8487
1966-12-01,29.8192
1967-01-01,29.8192
1967-02-01,29.7897
1967-03-01,29.7308
1967-04-01,29.6718
1967-05-01,29.5834
1967-06-01,29.495
1967-07-01,29.3476
1967-08-01,29.2592
1967-09-01,29.2002
1967-10-01,29.1118
1967-11-01,29.0234
1967-12-01,28.935
1968-01-01,28.8171
1968-02-01,28.7581
1968-03-01,28.6107
1968-04-01,28.5223
1968-05-01,28.4339
1968-06-01,28.2865
1968-07-01,28.1391
1968-08-01,28.0507
1968-09-01,27.9623
1968-10-01,27.8149
1968-11-01,27.7265
1968-12-01,27.638
1969-01-01,27.5496
1969-02-01,27.4612
1969-03-01,27.2254
1969-04-01,27.0485
1969-05-01,26.9601
1969-06-01,26.8127
1969-07-01,26.6654
1969-08-01,26.5475
1969-09-01,26.4296
1969-10-01,26.351
1969-11-01,26.2036
1969-12-01,26.0562
1970-01-01,25.9678
1970-02-01,25.8204
1970-03-01,25.673
1970-04-01,25.5256
1970-05-01,25.4077
1970-06-01,25.2898
1970-07-01,25.2014
1970-08-01,25.1425
1970-09-01,25.0246
1970-10-01,24.9067
1970-11-01,24.8182
1970-12-01,24.7003
1971-01-01,24.6709
1971-02-01,24.6414
1971-03-01,24.553
1971-04-01,24.4645
1971-05-01,24.3466
1971-06-01,24.1993
1971-07-01,24.1403
1971-08-01,24.0814
1971-09-01,24.0519
1971-10-01,24.0224
1971-11-01,23.9929
1971-12-01,23.875
1972-01-01,23.875
1972-02-01,23.7571
1972-03-01,23.6982
1972-04-01,23.6687
1972-05-01,23.5803
1972-06-01,23.5213
1972-07-01,23.4329
1972-08-01,23.4034
1972-09-01,23.2855
1972-10-01,23.2266
1972-11-01,23.1676
1972-12-01,23.1087
1973-01-01,23.0202
1973-02-01,22.8729
1973-03-01,22.6371
1973-04-01,22.4897
1973-05-01,22.3521
1973-06-01,22.2048
1973-07-01,22.1753
1973-08-01,21.7626
1973-09-01,21.7037
1973-10-01,21.5268
1973-11-01,21.3794
1973-12-01,21.2321
1974-01-01,21.0552
1974-02-01,20.7899
1974-03-01,20.5541
1974-04-01,20.4362
1974-05-01,20.2004
1974-06-01,20.0236
1974-07-01,19.8762
1974-08-01,19.6109
1974-09-01,19.3751
1974-10-01,19.2277
1974-11-01,19.0509
1974-12-01,18.933
1975-01-01,18.8446
1975-02-01,18.6972
1975-03-01,18.6382
1975-04-01,18.5498
1975-05-01,18.4614
1975-06-01,18.314
1975-07-01,18.1175
1975-08-01,18.0586
1975-09-01,17.9701
1975-10-01,17.8817
1975-11-01,17.7638
1975-12-01,17.6754
1976-01-01,17.6459
1976-02-01,17.587
1976-03-01,17.5575
1976-04-01,17.4985
1976-05-01,17.3806
1976-06-01,17.2922
1976-07-01,17.1743
1976-08-01,17.1153
1976-09-01,17.0269
1976-10-01,16.968
1976-11-01,16.909
1976-12-01,16.8795
1977-01-01,16.7616
1977-02-01,16.6143
1977-03-01,16.4964
1977-04-01,16.3785
1977-05-01,16.29
1977-06-01,16.1721
1977-07-01,16.1132
1977-08-01,16.0542
1977-09-01,15.9658
1977-10-01,15.9363
1977-11-01,15.8479
1977-12-01,15.789
1978-01-01,15.7005
1978-02-01,15.6121
1978-03-01,15.4942
1978-04-01,15.3468
1978-05-01,15.1994
1978-06-01,15.0521
1978-07-01,14.9342
1978-08-01,14.8752
1978-09-01,14.7573
1978-10-01,14.6394
1978-11-01,14.551
1978-12-01,14.492
1979-01-01,14.3741
1979-02-01,14.2071
1979-03-01,14.0597
1979-04-01,13.9124
1979-05-01,13.7355
1979-06-01,13.5881
1979-07-01,13.4408
1979-08-01,13.2934
1979-09-01,13.1755
1979-10-01,13.0576
1979-11-01,12.9397
1979-12-01,12.7923
1980-01-01,12.6154
1980-02-01,12.4386
1980-03-01,12.2617
1980-04-01,12.1144
1980-05-01,11.9965
1980-06-01,11.8786
1980-07-01,11.8786
1980-08-01,11.7901
1980-09-01,11.6722
1980-10-01,11.5838
1980-11-01,11.4659
1980-12-01,11.3775
1981-01-01,11.2891
1981-02-01,11.1712
1981-03-01,11.0827
1981-04-01,11.0238
1981-05-01,10.9354
1981-06-01,10.8469
1981-07-01,10.6995
1981-08-01,10.6406
1981-09-01,10.5227
1981-10-01,10.4932
1981-11-01,10.4637
1981-12-01,10.4343
1982-01-01,10.4048
1982-02-01,10.3753
1982-03-01,10.3753
1982-04-01,10.3458
1982-05-01,10.2279
1982-06-01,10.1199
1982-07-01,10.0609
1982-08-01,10.0609
1982-09-01,10.0314
1982-10-01,10.002
1982-11-01,10.0314
1982-12-01,10.0609
1983-01-01,10.0314
1983-02-01,10.0314
1983-03-01,10.0314
1983-04-01,9.94301
1983-05-01,9.91354
1983-06-01,9.85459
1983-07-01,9.82511
1983-08-01,9.79564
1983-09-01,9.73669
1983-10-01,9.70721
1983-11-01,9.70721
1983-12-01,9.67774
1984-01-01,9.64826
1984-02-01,9.58931
1984-03-01,9.55983
1984-04-01,9.53036
1984-05-01,9.50088
1984-06-01,9.47141
1984-07-01,9.44193
1984-08-01,9.38298
1984-09-01,9.35351
1984-10-01,9.32403
1984-11-01,9.32403
1984-12-01,9.32403
1985-01-01,9.29456
1985-02-01,9.26508
1985-03-01,9.23561
1985-04-01,9.17666
1985-05-01,9.14718
1985-06-01,9.1177
1985-07-01,9.1177
1985-08-01,9.08823
1985-09-01,9.05875
1985-10-01,9.02928
1985-11-01,8.9998
1985-12-01,8.97033
1986-01-01,8.97033
1986-02-01,8.97033
1986-03-01,9.02928
1986-04-01,9.02928
1986-05-01,8.9998
1986-06-01,8.97033
1986-07-01,8.97033
1986-08-01,8.94085
1986-09-01,8.91138
1986-10-01,8.91138
1986-11-01,8.8819
1986-12-01,8.8819
1987-01-01,8.83278
1987-02-01,8.79348
1987-03-01,8.75418
1987-04-01,8.70505
1987-05-01,8.6854
1987-06-01,8.6461
1987-07-01,8.62645
1987-08-01,8.57732
1987-09-01,8.53802
1987-10-01,8.51837
1987-11-01,8.49872
1987-12-01,8.50855
1988-01-01,8.4889
1988-02-01,8.46925
1988-03-01,8.42995
1988-04-01,8.39065
1988-05-01,8.36117
1988-06-01,8.32187
1988-07-01,8.2924
1988-08-01,8.25309
1988-09-01,8.20397
1988-10-01,8.17449
1988-11-01,8.16467
1988-12-01,8.15484
1989-01-01,8.11554
1989-02-01,8.08607
1989-03-01,8.03694
1989-04-01,7.97799
1989-05-01,7.93869
1989-06-01,7.91904
1989-07-01,7.89939
1989-08-01,7.88957
1989-09-01,7.86009
1989-10-01,7.82079
1989-11-01,7.81096
1989-12-01,7.79131
1990-01-01,7.71271
1990-02-01,7.68324
1990-03-01,7.63411
1990-04-01,7.62429
1990-05-01,7.60464
1990-06-01,7.56534
1990-07-01,7.53586
1990-08-01,7.46709
1990-09-01,7.40814
1990-10-01,7.35901
1990-11-01,7.34918
1990-12-01,7.33936
1991-01-01,7.30006
1991-02-01,7.29023
1991-03-01,7.28041
1991-04-01,7.26076
1991-05-01,7.24111
1991-06-01,7.22146
1991-07-01,7.21163
1991-08-01,7.19198
1991-09-01,7.16251
1991-10-01,7.15268
1991-11-01,7.13303
1991-12-01,7.12321
1992-01-01,7.11338
1992-02-01,7.09373
1992-03-01,7.05443
1992-04-01,7.04461
1992-05-01,7.03478
1992-06-01,7.00531
1992-07-01,6.99548
1992-08-01,6.97583
1992-09-01,6.95618
1992-10-01,6.9267
1992-11-01,6.91688
1992-12-01,6.9267
1993-01-01,6.8874
1993-02-01,6.86775
1993-03-01,6.8481
1993-04-01,6.82845
1993-05-01,6.8088
1993-06-01,6.8088
1993-07-01,6.79898
1993-08-01,6.77933
1993-09-01,6.7695
1993-10-01,6.74003
1993-11-01,6.74003
1993-12-01,6.74003
1994-01-01,6.72038
1994-02-01,6.70073
1994-03-01,6.67125
1994-04-01,6.67125
1994-05-01,6.66143
1994-06-01,6.64178
1994-07-01,6.62213
1994-08-01,6.59265
1994-09-01,6.573
1994-10-01,6.573
1994-11-01,6.56318
1994-12-01,6.56318
1995-01-01,6.5337
1995-02-01,6.51405
1995-03-01,6.48457
1995-04-01,6.46492
1995-05-01,6.4551
1995-06-01,6.44527
1995-07-01,6.44527
1995-08-01,6.42562
1995-09-01,6.4158
1995-10-01,6.39615
1995-11-01,6.39615
1995-12-01,6.39615
1996-01-01,6.36667
1996-02-01,6.3372
1996-03-01,6.30772
1996-04-01,6.28807
1996-05-01,6.27825
1996-06-01,6.26842
1996-07-01,6.2586
1996-08-01,6.24877
1996-09-01,6.22912
1996-10-01,6.20947
1996-11-01,6.19965
1996-12-01,6.19965
1997-01-01,6.17017
1997-02-01,6.15052
1997-03-01,6.1407
1997-04-01,6.13087
1997-05-01,6.1407
1997-06-01,6.13087
1997-07-01,6.12105
1997-08-01,6.11122
1997-09-01,6.09157
1997-10-01,6.08174
1997-11-01,6.08174
1997-12-01,6.09157
1998-01-01,6.08174
1998-02-01,6.07192
1998-03-01,6.06209
1998-04-01,6.04244
1998-05-01,6.03262
1998-06-01,6.03262
1998-07-01,6.02279
1998-08-01,6.01297
1998-09-01,6.00314
1998-10-01,5.99332
1998-11-01,5.99332
1998-12-01,5.99332
1999-01-01,5.97367
1999-02-01,5.97367
1999-03-01,5.95402
1999-04-01,5.91472
1999-05-01,5.91472
1999-06-01,5.91472
1999-07-01,5.89507
1999-08-01,5.87542
1999-09-01,5.85577
1999-10-01,5.83612
1999-11-01,5.83612
1999-12-01,5.83612
2000-01-01,5.81647
2000-02-01,5.78699
2000-03-01,5.73787
2000-04-01,5.73787
2000-05-01,5.72804
2000-06-01,5.69857
2000-07-01,5.68874
2000-08-01,5.68874
2000-09-01,5.65927
2000-10-01,5.64944
2000-11-01,5.63961
2000-12-01,5.64944
2001-01-01,5.61014
2001-02-01,5.59049
2001-03-01,5.57084
2001-04-01,5.55119
2001-05-01,5.53154
2001-06-01,5.52171
2001-07-01,5.53154
2001-08-01,5.53154
2001-09-01,5.51189
2001-10-01,5.53154
2001-11-01,5.54136
2001-12-01,5.56101
2002-01-01,5.55119
2002-02-01,5.52171
2002-03-01,5.49224
2002-04-01,5.46276
2002-05-01,5.46276
2002-06-01,5.46276
2002-07-01,5.45294
2002-08-01,5.44311
2002-09-01,5.43329
2002-10-01,5.42346
2002-11-01,5.42346
2002-12-01,5.43329
2003-01-01,5.40381
2003-02-01,5.36451
2003-03-01,5.33504
2003-04-01,5.34486
2003-05-01,5.35469
2003-06-01,5.34486
2003-07-01,5.34486
2003-08-01,5.32521
2003-09-01,5.30556
2003-10-01,5.30556
2003-11-01,5.32521
2003-12-01,5.33504
2004-01-01,5.30556
2004-02-01,5.27609
2004-03-01,5.24661
2004-04-01,5.22696
2004-05-01,5.19748
2004-06-01,5.17783
2004-07-01,5.18766
2004-08-01,5.18766
2004-09-01,5.17783
2004-10-01,5.14836
2004-11-01,5.14836
2004-12-01,5.15818
2005-01-01,5.14836
2005-02-01,5.11888
2005-03-01,5.07958
2005-04-01,5.05011
2005-05-01,5.05011
2005-06-01,5.05011
2005-07-01,5.03046
2005-08-01,5.00098
2005-09-01,4.94203
2005-10-01,4.93221
2005-11-01,4.97151
2005-12-01,4.99116
2006-01-01,4.95186
2006-02-01,4.94203
2006-03-01,4.91256
2006-04-01,4.87326
2006-05-01,4.85361
2006-06-01,4.84378
2006-07-01,4.82413
2006-08-01,4.81431
2006-09-01,4.84378
2006-10-01,4.86343
2006-11-01,4.87326
2006-12-01,4.87326
2007-01-01,4.85361
2007-02-01,4.82413
2007-03-01,4.78483
2007-04-01,4.75535
2007-05-01,4.72588
2007-06-01,4.71605
2007-07-01,4.71605
2007-08-01,4.72588
2007-09-01,4.71605
2007-10-01,4.70623
2007-11-01,4.67675
2007-12-01,4.67675
2008-01-01,4.6571
2008-02-01,4.63745
2008-03-01,4.59815
2008-04-01,4.56868
2008-05-01,4.5392
2008-06-01,4.49008
2008-07-01,4.47043
2008-08-01,4.48025
2008-09-01,4.49008
2008-10-01,4.5392
2008-11-01,4.62763
2008-12-01,4.67675
2009-01-01,4.6571
2009-02-01,4.62763
2009-03-01,4.6178
2009-04-01,4.60798
2009-05-01,4.59815
2009-06-01,4.55885
2009-07-01,4.55885
2009-08-01,4.54903
2009-09-01,4.54903
2009-10-01,4.54903
2009-11-01,4.5392
2009-12-01,4.54903
2010-01-01,4.52938
2010-02-01,4.52938
2010-03-01,4.50973
2010-04-01,4.50973
2010-05-01,4.4999
2010-06-01,4.50973
2010-07-01,4.50973
2010-08-01,4.4999
2010-09-01,4.4999
2010-10-01,4.49008
2010-11-01,4.49008
2010-12-01,4.48025
2011-01-01,4.4606
2011-02-01,4.44095
2011-03-01,4.39183
2011-04-01,4.37218
2011-05-01,4.35253
2011-06-01,4.35253
2011-07-01,4.35253
2011-08-01,4.33287
2011-09-01,4.33287
2011-10-01,4.3427
2011-11-01,4.3427
2011-12-01,4.35253
2012-01-01,4.33287
2012-02-01,4.31322
2012-03-01,4.28375
2012-04-01,4.27392
2012-05-01,4.27392
2012-06-01,4.28375
2012-07-01,4.28375
2012-08-01,4.2641
2012-09-01,4.24445
2012-10-01,4.24445
2012-11-01,4.2641
2012-12-01,4.28375
2013-01-01,4.2641
2013-02-01,4.23462
2013-03-01,4.2248
2013-04-01,4.2248
2013-05-01,4.21497
2013-06-01,4.20515
2013-07-01,4.20515
2013-08-01,4.20515
2013-09-01,4.19532
2013-10-01,4.20515
2013-11-01,4.21497
2013-12-01,4.21497
2014-01-01,4.20515
2014-02-01,4.1855
2014-03-01,4.15602
2014-04-01,4.1462
2014-05-01,4.12655
2014-06-01,4.12655
2014-07-01,4.12655
2014-08-01,4.12655
2014-09-01,4.12655
2014-10-01,4.13637
2014-11-01,4.15602
2014-12-01,4.1855
2015-01-01,4.20515
2015-02-01,4.1855
2015-03-01,4.16585
2015-04-01,4.15602
2015-05-01,4.13637
2015-06-01,4.11672
2015-07-01,4.11672
2015-08-01,4.12655
2015-09-01,4.12655
2015-10-01,4.12655
2015-11-01,4.13637
2015-12-01,4.15602
2016-01-01,4.1462
2016-02-01,4.1462
2016-03-01,4.12655
2016-04-01,4.1069
2016-05-01,4.08725
2016-06-01,4.07742
2016-07-01,4.08725
2016-08-01,4.07742
2016-09-01,4.0676
2016-10-01,4.0676
2016-11-01,4.0676
2016-12-01,4.0676
2017-01-01,4.04795
2017-02-01,4.03812
2017-03-01,4.0283
2017-04-01,4.01847
2017-05-01,4.01847
2017-06-01,4.00865
2017-07-01,4.01847
2017-08-01,3.99882
2017-09-01,3.97917
2017-10-01,3.97917
2017-11-01,3.97917
2017-12-01,3.989
2018-01-01,3.95952
2018-02-01,3.9497
2018-03-01,3.93987
2018-04-01,3.92022
2018-05-01,3.90057
2018-06-01,3.90057
2018-07-01,3.90057
2018-08-01,3.90057
2018-09-01,3.89074
2018-10-01,3.88092
2018-11-01,3.90057
2018-12-01,3.91039
2019-01-01,3.90057
2019-02-01,3.89074
2019-03-01,3.86127
2019-04-01,3.84162
2019-05-01,3.83179
2019-06-01,3.83179
2019-07-01,3.83179
2019-08-01,3.83179
2019-09-01,3.82197
2019-10-01,3.82197
2019-11-01,3.82197
2019-12-01,3.82197
2020-01-01,3.81214
2020-02-01,3.80232
2020-03-01,3.80232
2020-04-01,3.83179
2020-05-01,3.83179
2020-06-01,3.81214
2020-07-01,3.79249
2020-08-01,3.78267
2020-09-01,3.77284
2020-10-01,3.77284
2020-11-01,3.77284
2020-12-01,3.77284
2021-01-01,3.75319
2021-02-01,3.73354
2021-03-01,3.71389
2021-04-01,3.67459
2021-05-01,3.64512
2021-06-01,3.61564
2021-07-01,3.59599
2021-08-01,3.59599
2021-09-01,3.58617
2021-10-01,3.55669
2021-11-01,3.53704
2021-12-01,3.52722
2022-01-01,3.49774
2022-02-01,3.45844
2022-03-01,3.41914
2022-04-01,3.39949
2022-05-01,3.36019
2022-06-01,3.31106
2022-07-01,3.32089
2022-08-01,3.32089
2022-09-01,3.31106
2022-10-01,3.30124
2022-11-01,3.30124
2022-12-01,3.31106
2023-01-01,3.28159
2023-02-01,3.26194
2023-03-01,3.25211
2023-04-01,3.24229
2023-05-01,3.23246
2023-06-01,3.22264
2023-07-01,3.21281
2023-08-01,3.20299
2023-09-01,3.19316
2023-10-01,3.19316
2023-11-01,3.20299
2023-12-01,3.20299
2024-01-01,3.18334
2024-02-01,3.16369
2024-03-01,3.14404
2024-04-01,3.13421
2024-05-01,3.12439
2024-06-01,3.12439
2024-07-01,3.12439
2024-08-01,3.12439
2024-09-01,3.11456
2024-10-01,3.11456
2024-11-01,3.11456
2024-12-01,3.11456
2025-01-01,3.09491
2025-02-01,3.07526
2025-03-01,3.07526
2025-04-01,3.06544
2025-05-01,3.05561
2025-06-01,3.04579
